{
  "project_info": {
    "project_number": "578278780299",
    "firebase_url": "https://uhub-75777.firebaseio.com",
    "project_id": "uhub-75777",
    "storage_bucket": "uhub-75777.appspot.com"
  },
  "client": [
    {
      "client_info": {
        "mobilesdk_app_id": "1:578278780299:android:4322caa71ea5d14e",
        "android_client_info": {
          "package_name": "com.unionbankph.oneuhub"
        }
      },
      "oauth_client": [
        {
          "client_id": "578278780299-ot4nio9nbj5bt1oalf94kdfofjl5h23p.apps.googleusercontent.com",
          "client_type": 3
        }
      ],
      "api_key": [
        {
          "current_key": "AIzaSyDIFqkVE3dibkVzSq9eymR6WxCSNJWstSo"
        }
      ],
      "services": {
        "analytics_service": {
          "status": 1
        },
        "appinvite_service": {
          "status": 1,
          "other_platform_oauth_client": []
        },
        "ads_service": {
          "status": 2
        }
      }
    },
    {
      "client_info": {
        "mobilesdk_app_id": "1:578278780299:android:04c5fae45196e877",
        "android_client_info": {
          "package_name": "com.unionbankph.oneuhub.debug"
        }
      },
      "oauth_client": [
        {
          "client_id": "578278780299-ot4nio9nbj5bt1oalf94kdfofjl5h23p.apps.googleusercontent.com",
          "client_type": 3
        }
      ],
      "api_key": [
        {
          "current_key": "AIzaSyDIFqkVE3dibkVzSq9eymR6WxCSNJWstSo"
        }
      ],
      "services": {
        "analytics_service": {
          "status": 1
        },
        "appinvite_service": {
          "status": 1,
          "other_platform_oauth_client": []
        },
        "ads_service": {
          "status": 2
        }
      }
    },
    {
      "client_info": {
        "mobilesdk_app_id": "1:578278780299:android:038458d931f7f062",
        "android_client_info": {
          "package_name": "com.unionbankph.oneuhub.staging"
        }
      },
      "oauth_client": [
        {
          "client_id": "578278780299-ot4nio9nbj5bt1oalf94kdfofjl5h23p.apps.googleusercontent.com",
          "client_type": 3
        }
      ],
      "api_key": [
        {
          "current_key": "AIzaSyDIFqkVE3dibkVzSq9eymR6WxCSNJWstSo"
        }
      ],
      "services": {
        "analytics_service": {
          "status": 1
        },
        "appinvite_service": {
          "status": 1,
          "other_platform_oauth_client": []
        },
        "ads_service": {
          "status": 2
        }
      }
    },
    {
      "client_info": {
        "mobilesdk_app_id": "1:578278780299:android:508c32e2ad96943d",
        "android_client_info": {
          "package_name": "com.unionbankph.oneuhub.uat"
        }
      },
      "oauth_client": [
        {
          "client_id": "578278780299-ot4nio9nbj5bt1oalf94kdfofjl5h23p.apps.googleusercontent.com",
          "client_type": 3
        }
      ],
      "api_key": [
        {
          "current_key": "AIzaSyDIFqkVE3dibkVzSq9eymR6WxCSNJWstSo"
        }
      ],
      "services": {
        "analytics_service": {
          "status": 1
        },
        "appinvite_service": {
          "status": 1,
          "other_platform_oauth_client": []
        },
        "ads_service": {
          "status": 2
        }
      }
    }
  ],
  "configuration_version": "1"
}